Untitled				
290				
290				
290				
290				
290				
290				
289				
289				
289				
289				
289				
289				
289				
291				
291				
291				
291				
291				
291				
291				
291				
291				
291				
291				
291				
291				
291				
291				
291				
289				
289				
289				
288				
288				
288				
288				
288				
288				
288				
288				
288				
288				
288				
286				
284				
284				
283				
282				
282				
280				
279				
278				
276				
275				
275				
272				
272				
272				
272				
268				
266				
266				
265				
262				
261				
261				
259				
259				
259				
259				
259				
258				
257				
254				
253				
253				
252				
251				
251				
246				
246				
243				
242				
241				
239				
237				
237				
235				
234				
231				
230				
227				
225				
225				
224				
219				
219				
219				
217				
217				
214				
213				
213				
213				
212				
210				
209				
208				
207				
206				
205				
205				
203				
201				
201				
201				
201				
201				
201				
201				
201				
203				
205				
205				
207				
211				
213				
215				
217				
219				
223				
225				
227				
229				
231				
233				
233				
235				
237				
239				
241				
243				
245				
247				
249				
251				
255				
255				
257				
259				
261				
263				
263				
265				
267				
267				
269				
271				
273				
277				
279				
281				
285				
287				
291				
293				
295				
295				
297				
299				
301				
305				
307				
309				
311				
311				
313				
317				
319				
323				
325				
327				
329				
331				
335				
335				
337				
339				
339				
341				
343				
345				
347				
349				
351				
353				
355				
357				